{"cameraMode":{"drawMode":0,"name":"Shaded","section":"Shading Mode"},"sceneLighting":true,"audioPlay":false,"sceneViewState":{"showFog":true,"showMaterialUpdate":false,"showSkybox":true,"showFlares":true,"showImageEffects":true,"showParticleSystems":true},"in2DMode":false,"pivot":{"x":32.63563919067383,"y":44.94005584716797,"z":110.28400421142578},"rotation":{"x":-0.009248815476894379,"y":-0.11048822849988938,"z":0.0010607958538457752,"w":-0.9938632249832153},"size":8.433783531188965,"orthographic":true}