{"cameraMode":{"drawMode":0,"name":"Shaded","section":"Shading Mode"},"sceneLighting":false,"audioPlay":false,"sceneViewState":{"showFog":true,"showMaterialUpdate":false,"showSkybox":false,"showFlares":true,"showImageEffects":true,"showParticleSystems":true},"in2DMode":false,"pivot":{"x":0.013462305068969727,"y":0.07260515540838242,"z":0.010871648788452149},"rotation":{"x":-0.02622019313275814,"y":-0.9554052352905273,"z":0.2802315652370453,"w":-0.0893971398472786},"size":6.112537384033203,"orthographic":false}