{"cameraMode":{"drawMode":0,"name":"Shaded","section":"Shading Mode"},"sceneLighting":false,"audioPlay":false,"sceneViewState":{"showFog":true,"showMaterialUpdate":false,"showSkybox":false,"showFlares":true,"showImageEffects":true,"showParticleSystems":true},"in2DMode":false,"pivot":{"x":0.000026941299438476563,"y":0.2662110924720764,"z":0.00006115436553955078},"rotation":{"x":-0.034867063164711,"y":0.352924644947052,"z":0.01294168271124363,"w":0.9351189732551575},"size":3.6645803451538088,"orthographic":false}