{"cameraMode":{"drawMode":0,"name":"Shaded","section":"Shading Mode"},"sceneLighting":false,"audioPlay":false,"sceneViewState":{"showFog":true,"showMaterialUpdate":false,"showSkybox":false,"showFlares":true,"showImageEffects":true,"showParticleSystems":true},"in2DMode":false,"pivot":{"x":0.07272261381149292,"y":0.5217032432556152,"z":0.006626009941101074},"rotation":{"x":0.2584841251373291,"y":0.38923659920692446,"z":-0.11508356779813767,"w":0.8768201470375061},"size":3.2161073684692385,"orthographic":false}